<ImportExportXml version="9.2.23052.234" SolutionPackageVersion="9.2" languagecode="1033" generatedBy="CrmLive" xmlns:xsi="http://www.w3.org/2001/XMLSchema-instance">
  <SolutionManifest>
    <UniqueName>IEP</UniqueName>
    <LocalizedNames>
      <LocalizedName description="Rapid IEP" languagecode="1033" />
    </LocalizedNames>
    <Descriptions />
    <Version>1.0.0.2</Version>
    <Managed>0</Managed>
    <Publisher>
      <UniqueName>PW</UniqueName>
      <LocalizedNames>
        <LocalizedName description="Pragmatic Works" languagecode="1033" />
      </LocalizedNames>
      <Descriptions>
        <Description description="Pragmatic Works Training" languagecode="1033" />
      </Descriptions>
      <EMailAddress>support@pragmaticworks.com</EMailAddress>
      <SupportingWebsiteUrl>https://www.pragmaticworks.com</SupportingWebsiteUrl>
      <CustomizationPrefix>pw</CustomizationPrefix>
      <CustomizationOptionValuePrefix>12567</CustomizationOptionValuePrefix>
      <Addresses>
        <Address>
          <AddressNumber>1</AddressNumber>
          <AddressTypeCode>1</AddressTypeCode>
          <City>Fleming Island</City>
          <County xsi:nil="true"></County>
          <Country>United States</Country>
          <Fax xsi:nil="true"></Fax>
          <FreightTermsCode xsi:nil="true"></FreightTermsCode>
          <ImportSequenceNumber xsi:nil="true"></ImportSequenceNumber>
          <Latitude xsi:nil="true"></Latitude>
          <Line1>7175 US 17</Line1>
          <Line2>St 2</Line2>
          <Line3 xsi:nil="true"></Line3>
          <Longitude xsi:nil="true"></Longitude>
          <Name xsi:nil="true"></Name>
          <PostalCode>32003</PostalCode>
          <PostOfficeBox xsi:nil="true"></PostOfficeBox>
          <PrimaryContactName xsi:nil="true"></PrimaryContactName>
          <ShippingMethodCode>1</ShippingMethodCode>
          <StateOrProvince>FL</StateOrProvince>
          <Telephone1>(904) 638-5743</Telephone1>
          <Telephone2 xsi:nil="true"></Telephone2>
          <Telephone3 xsi:nil="true"></Telephone3>
          <TimeZoneRuleVersionNumber xsi:nil="true"></TimeZoneRuleVersionNumber>
          <UPSZone xsi:nil="true"></UPSZone>
          <UTCOffset xsi:nil="true"></UTCOffset>
          <UTCConversionTimeZoneCode xsi:nil="true"></UTCConversionTimeZoneCode>
        </Address>
        <Address>
          <AddressNumber>2</AddressNumber>
          <AddressTypeCode>1</AddressTypeCode>
          <City xsi:nil="true"></City>
          <County xsi:nil="true"></County>
          <Country xsi:nil="true"></Country>
          <Fax xsi:nil="true"></Fax>
          <FreightTermsCode xsi:nil="true"></FreightTermsCode>
          <ImportSequenceNumber xsi:nil="true"></ImportSequenceNumber>
          <Latitude xsi:nil="true"></Latitude>
          <Line1 xsi:nil="true"></Line1>
          <Line2 xsi:nil="true"></Line2>
          <Line3 xsi:nil="true"></Line3>
          <Longitude xsi:nil="true"></Longitude>
          <Name xsi:nil="true"></Name>
          <PostalCode xsi:nil="true"></PostalCode>
          <PostOfficeBox xsi:nil="true"></PostOfficeBox>
          <PrimaryContactName xsi:nil="true"></PrimaryContactName>
          <ShippingMethodCode>1</ShippingMethodCode>
          <StateOrProvince xsi:nil="true"></StateOrProvince>
          <Telephone1 xsi:nil="true"></Telephone1>
          <Telephone2 xsi:nil="true"></Telephone2>
          <Telephone3 xsi:nil="true"></Telephone3>
          <TimeZoneRuleVersionNumber xsi:nil="true"></TimeZoneRuleVersionNumber>
          <UPSZone xsi:nil="true"></UPSZone>
          <UTCOffset xsi:nil="true"></UTCOffset>
          <UTCConversionTimeZoneCode xsi:nil="true"></UTCConversionTimeZoneCode>
        </Address>
      </Addresses>
    </Publisher>
    <RootComponents>
      <RootComponent type="1" schemaName="contact" behavior="1" />
      <RootComponent type="1" schemaName="pw_academicgoal" behavior="0" />
      <RootComponent type="1" schemaName="pw_coursesofstudy" behavior="0" />
      <RootComponent type="1" schemaName="pw_extracurricularnonacademicmodification" behavior="0" />
      <RootComponent type="1" schemaName="pw_generaleducationmodification" behavior="0" />
      <RootComponent type="1" schemaName="pw_graduationrequirement" behavior="0" />
      <RootComponent type="1" schemaName="pw_ieprequest" behavior="0" />
      <RootComponent type="1" schemaName="pw_interagencylinkages" behavior="0" />
      <RootComponent type="1" schemaName="pw_lifegoal" behavior="0" />
      <RootComponent type="1" schemaName="pw_objective" behavior="0" />
      <RootComponent type="1" schemaName="pw_postsecondarygoal" behavior="0" />
      <RootComponent type="1" schemaName="pw_progressreportingschedule" behavior="0" />
      <RootComponent type="1" schemaName="pw_removalfromgeneraledrationale" behavior="0" />
      <RootComponent type="1" schemaName="pw_requestobjective" behavior="0" />
      <RootComponent type="1" schemaName="pw_specialeducationmodification" behavior="0" />
      <RootComponent type="9" schemaName="pw_frequencychoice" behavior="0" />
      <RootComponent type="9" schemaName="pw_gradelevelchoice" behavior="0" />
      <RootComponent type="9" schemaName="pw_postsecondarygoalchoice" behavior="0" />
      <RootComponent type="9" schemaName="pw_transitionservicechoice" behavior="0" />
      <RootComponent type="20" id="{1634e28d-1e0a-ee11-8f6e-00224827235f}" behavior="0" />
      <RootComponent type="62" schemaName="pw_RapidIEPApp" behavior="0" />
      <RootComponent type="80" schemaName="pw_RapidIEPApp" behavior="0" />
    </RootComponents>
    <MissingDependencies>
      <MissingDependency>
        <Required type="61" schemaName="adx_entity_lists.svg" displayName="adx_entity_lists.svg" solution="MicrosoftPortalWebForms (9.3.2209.2)">
          <package>CDSBasePortal (9.3.2304.83)</package>
        </Required>
        <Dependent type="62" schemaName="pw_RapidIEPApp" />
      </MissingDependency>
      <MissingDependency>
        <Required type="61" schemaName="adx_website_access.svg" displayName="adx_website_access.svg" solution="MicrosoftPortalBase (9.3.2301.1)">
          <package>CDSBasePortal (9.3.2304.83)</package>
        </Required>
        <Dependent type="62" schemaName="pw_RapidIEPApp" />
      </MissingDependency>
      <MissingDependency>
        <Required type="61" schemaName="msdyn_/Images/AppModule_Default_Icon.png" displayName="msdyn_/Images/AppModule_Default_Icon.png" solution="AppModuleWebResources (2.5)" />
        <Dependent type="80" schemaName="pw_RapidIEPApp" displayName="Rapid IEP App" />
      </MissingDependency>
      <MissingDependency>
        <Required type="9" schemaName="pw_approvalstatuschoice" displayName="Approval Status Choice" solution="Active" />
        <Dependent type="2" schemaName="pw_approvalstatus" displayName="Approval Status" parentSchemaName="pw_extracurricularnonacademicmodification" parentDisplayName="Extracurricular/ Nonacademic Modification" />
      </MissingDependency>
      <MissingDependency>
        <Required type="9" schemaName="pw_approvalstatuschoice" displayName="Approval Status Choice" solution="Active" />
        <Dependent type="2" schemaName="pw_approvalstatus" displayName="Approval Status" parentSchemaName="pw_generaleducationmodification" parentDisplayName="General Education Modification" />
      </MissingDependency>
      <MissingDependency>
        <Required type="9" schemaName="pw_approvalstatuschoice" displayName="Approval Status Choice" solution="Active" />
        <Dependent type="2" schemaName="pw_approvalstatus" displayName="Approval Status" parentSchemaName="pw_ieprequest" parentDisplayName="IEP Request" />
      </MissingDependency>
      <MissingDependency>
        <Required type="9" schemaName="pw_approvalstatuschoice" displayName="Approval Status Choice" solution="Active" />
        <Dependent type="2" schemaName="pw_approvalstatus" displayName="Approval Status" parentSchemaName="pw_specialeducationmodification" parentDisplayName="Special Education Modification" />
      </MissingDependency>
    </MissingDependencies>
  </SolutionManifest>
</ImportExportXml>